Normalized.Title,Normalized.Creator,Work.In.Norton,Checkouts
Parable Of The Sower,Octavia E. Butler,False,21652
Lincoln In The Bardo,George Saunders,False,17356
The Fifth Season,N. K. Jemisin,False,17223
The Sympathizer,Viet Thanh Nguyen,False,12792
Kindred,Octavia E. Butler,False,12591
Beloved,Toni Morrison,False,12330
The Left Hand Of Darkness,Ursula K. Le Guin,False,12148
The Absolutely True Diary Of A Part Time Indian,Sherman Alexie,False,12043
The Year Of Magical Thinking,Joan Didion,False,10907
The Sentence,Louise Erdrich,False,10658
The Brief Wondrous Life Of Oscar Wao,Junot Díaz,False,9308
A Wizard Of Earthsea,Ursula K. Le Guin,False,8818
The Night Watchman,Louise Erdrich,False,8715
Infinite Jest,David Foster Wallace,False,8156
The Obelisk Gate,N. K. Jemisin,False,8085
Slaughterhouse Five,Kurt Vonnegut,True,8060
The Lowland,Jhumpa Lahiri,False,7865
Tenth Of December,George Saunders,False,7539
The Fire Next Time,James Baldwin,False,7533
The City We Became,N. K. Jemisin,False,7443
You Dont Have To Say You Love Me,Sherman Alexie,False,7152
The Round House,Louise Erdrich,False,7026
The Bluest Eye,Toni Morrison,False,7015
The Stone Sky,N. K. Jemisin,False,6959
The Man In The High Castle,Philip K. Dick,False,6466
Fledgling,Octavia E. Butler,False,6130
Parable Of The Talents,Octavia E. Butler,False,6110
Her Body and Other Parties,Carmen Maria Machado,False,6003
Do Androids Dream Of Electric Sheep,Philip K. Dick,False,5943
In The Dream House,Carmen Maria Machado,False,5799
Cats Cradle,Kurt Vonnegut,False,5635
No Time To Spare,Ursula K. Le Guin,False,5620
Future Home Of The Living God,Louise Erdrich,False,5610
On The Road,Jack Kerouac,True,5568
The Dispossessed,Ursula K. Le Guin,False,5565
The Hundred Thousand Kingdoms,N. K. Jemisin,False,5367
The Namesake,Jhumpa Lahiri,False,5354
The Bell Jar,Sylvia Plath,False,5317
Invisible Man,Ralph Ellison,True,5279
The Color Purple,Alice Walker,False,4983
Sister Outsider,Audre Lorde,False,4844
The House On Mango Street,Sandra Cisneros,False,4815
Fun Home,Alison Bechdel,True,4614
Unaccustomed Earth,Jhumpa Lahiri,False,4491
Interpreter Of Maladies,Jhumpa Lahiri,False,4483
Devotions,Mary Oliver,False,4244
Giovannis Room,James Baldwin,False,4219
A Swim In A Pond In The Rain,George Saunders,False,4198
Maus,Art Spiegelman,True,4195
Go Tell It On The Mountain,James Baldwin,False,4057
Breakfast Of Champions,Kurt Vonnegut,False,3938
The Lathe Of Heaven,Ursula K. Le Guin,False,3776
Flight,Sherman Alexie,False,3745
If Beale Street Could Talk,James Baldwin,False,3721
Larose,Louise Erdrich,False,3663
The Known World,Edward P. Jones,False,3617
This Is How You Lose Her,Junot Díaz,False,3567
Sula,Toni Morrison,False,3563
White Noise,Don Delillo,True,3552
The Valley Of Amazement,Amy Tan,False,3525
The Plot Against America,Philip Roth,False,3492
Slouching Towards Bethlehem,Joan Didion,False,3483
Blue Nights,Joan Didion,False,3389
The Refugees,Viet Thanh Nguyen,False,3387
Consider The Lobster,David Foster Wallace,False,3356
Dawn,Octavia E. Butler,False,3350
The Joy Luck Club,Amy Tan,True,3333
Song Of Solomon,Toni Morrison,False,3263
How Long Til Black Future Month,N. K. Jemisin,False,3226
The Plague Of Doves,Louise Erdrich,False,3198
The Source Of Self,Toni Morrison,False,3198
Saving Fish From Drowning,Amy Tan,False,3194
Wild Seed,Octavia E. Butler,False,3164
The Things They Carried,Tim O'Brien,False,3139
The Mighty Red,Louise Erdrich,False,3115
Upstream,Mary Oliver,False,3111
Citizen,Claudia Rankine,True,3091
A Mercy,Toni Morrison,False,3068
Notes Of A Native Son,James Baldwin,False,3061
Where The Past Begins,Amy Tan,False,3049
The Secret To Superhuman Strength,Alison Bechdel,False,2988
American Pastoral,Philip Roth,False,2945
The Birchbark House,Louise Erdrich,False,2786
Gravitys Rainbow,Thomas Pynchon,False,2757
The Dharma Bums,Jack Kerouac,False,2733
The Broken Kingdoms,N. K. Jemisin,False,2722
An American Sunrise,Joy Harjo,False,2717
Fear And Loathing In Las Vegas,Hunter S. Thompson,False,2679
In The Time Of The Butterflies,Julia Alvarez,False,2666
God Help The Child,Toni Morrison,False,2552
Roman Stories,Jhumpa Lahiri,False,2525
The Tombs Of Atuan,Ursula K. Le Guin,False,2517
The Bonesetters Daughter,Amy Tan,False,2510
Bloodchild,Octavia E. Butler,True,2471
The Backyard Bird Chronicles,Amy Tan,False,2457
War Dances,Sherman Alexie,False,2427
The Sirens Of Titan,Kurt Vonnegut,False,2351
The Committed,Viet Thanh Nguyen,False,2348
Catwings,Ursula K. Le Guin,False,2314
A Scanner Darkly,Philip K. Dick,False,2313
Another Country,James Baldwin,False,2309
Liliths Brood,Octavia E. Butler,False,2297
The Painted Drum,Louise Erdrich,False,2266
Lavinia,Ursula K. Le Guin,False,2262
This Is Water,David Foster Wallace,False,2261
Home,Toni Morrison,False,2254
A Good Man Is Hard To Find,Flannery O' Connor,True,2228
Ubik,Philip K. Dick,False,2221
Are You My Mother?,Alison Bechdel,False,2183
A Supposedly Fun Thing Ill Never Do Again,David Foster Wallace,False,2183
The Unreal And The Real,Ursula K. Le Guin,False,2157
The Kingdom Of Gods,N. K. Jemisin,False,2151
Pilgrim At Tinker Creek,Annie Dillard,False,2135
Thunder Boy Junior,Sherman Alexie,False,2106
The Killing Moon,N. K. Jemisin,False,2076
Inherent Vice,Thomas Pynchon,False,2076
A Man Without A Country,Kurt Vonnegut,False,2070
Ten Little Indians,Sherman Alexie,False,2047
The White Album,Joan Didion,False,2041
Blasphemy,Sherman Alexie,False,1992
Whereabouts,Jhumpa Lahiri,False,1954
Afterlife,Julia Alvarez,False,1939
Play It As It Lays,Joan Didion,False,1936
How The Garcia Girls Lost Their Accents,Julia Alvarez,False,1925
Blade Runner,Philip K. Dick,False,1846
In Other Words,Jhumpa Lahiri,False,1845
The Pale King,David Foster Wallace,False,1786
What We Talk About When We Talk About Love,Raymond Carver,False,1776
The Living,Annie Dillard,False,1755
Civilwarland In Bad Decline,George Saunders,True,1669
Why I Wake Early,Mary Oliver,False,1663
Claire Of The Sea Light,Edwidge Danticat,False,1654
South And West,Joan Didion,False,1636
Pastoralia,George Saunders,False,1636
The Maytrees,Annie Dillard,False,1634
Ceremony,Leslie Marmon Silko,False,1632
The Woman Warrior,Maxine Hong Kingston,True,1622
Brief Interviews With Hideous Men,David Foster Wallace,False,1617
New And Selected Poems,Mary Oliver,False,1606
Changing Planes,Ursula K. Le Guin,False,1579
Liberation Day,George Saunders,False,1577
A Thousand Mornings,Mary Oliver,False,1574
The Porcupine Year,Louise Erdrich,False,1538
Jazz,Toni Morrison,False,1529
House Made Of Dawn,N. Scott Momaday,False,1528
The Farthest Shore,Ursula K. Le Guin,False,1518
Dog Songs,Mary Oliver,False,1518
The World We Make,N. K. Jemisin,False,1514
Timequake,Kurt Vonnegut,False,1505
Welcome To The Monkey House,Kurt Vonnegut,False,1499
Return To Sender,Julia Alvarez,False,1495
Congratulations By The Way,George Saunders,False,1491
Tehanu,Ursula K. Le Guin,False,1479
The Optimists Daughter,Eudora Welty,False,1473
I Have A Dream,Martin Luther King Jr.,False,1471
Zero K,Don Delillo,False,1465
Islandborn,Junot Díaz,False,1458
Poet Warrior,Joy Harjo,False,1439
Flow My Tears The Policeman Said,Philip K. Dick,False,1436
Big Sur,Jack Kerouac,False,1430
Rabbit Run,John Updike,False,1406
Wise Blood,Flannery O' Connor,False,1406
The Kitchen Gods Wife,Amy Tan,False,1398
The Minority Report,Philip K. Dick,False,1394
The Word For World Is Forest,Ursula K. Le Guin,False,1380
Let Me Tell You What I Mean,Joan Didion,False,1378
Adulthood Rites,Octavia E. Butler,False,1369
The Crucible,Arthur Miller,False,1367
Shadow Tag,Louise Erdrich,False,1363
Water Water,Billy Collins,False,1358
Memorial Drive,Natasha Trethewey,False,1346
Player Piano,Kurt Vonnegut,False,1346
The Master Butchers Singing Club,Louise Erdrich,False,1343
Gifts,Ursula K. Le Guin,False,1336
A Man Of Two Faces,Viet Thanh Nguyen,False,1334
The Crying Of Lot 49,Thomas Pynchon,False,1331
Bleeding Edge,Thomas Pynchon,False,1324
The Hundred Secret Senses,Amy Tan,False,1322
Love,Toni Morrison,False,1304
Aimless Love,Billy Collins,False,1303
Oblivion,David Foster Wallace,False,1302
Seed To Harvest,Octavia E. Butler,False,1293
The Game Of Silence,Louise Erdrich,False,1286
Jane On Her Own,Ursula K. Le Guin,False,1279
The Essential Dykes To Watch Out For,Alison Bechdel,False,1277
The Last Report On The Miracles At Little No Horse,Louise Erdrich,False,1272
Everyman,Philip Roth,False,1272
The Complete Stories,Flannery O' Connor,False,1245
Before We Were Free,Julia Alvarez,False,1243
Portnoys Complaint,Philip Roth,False,1235
Maus Ii,Art Spiegelman,False,1216
Paradise,Toni Morrison,False,1214
Mind Of My Mind,Octavia E. Butler,False,1209
Cathedral,Raymond Carver,True,1206
Felicity,Mary Oliver,False,1205
The Three Stigmata Of Palmer Eldritch,Philip K. Dick,False,1199
The Broom Of The System,David Foster Wallace,False,1195
The Adventures Of Augie March,Saul Bellow,True,1191
Just Us,Claudia Rankine,False,1173
A Burst Of Light,Audre Lorde,False,1169
Four Souls,Louise Erdrich,False,1165
Everything That Rises Must Converge,Flannery O' Connor,False,1163
Tar Baby,Toni Morrison,False,1161
Love Medicine,Louise Erdrich,False,1144
The Opposite Of Fate,Amy Tan,False,1136
A Raisin In The Sun,Lorraine Hansberry,True,1130
Goodbye Columbus,Philip Roth,False,1121
The Rum Diary,Hunter S. Thompson,False,1119
Recitatif,Toni Morrison,False,1113
Falling Man,Don Delillo,False,1112
Hells Angels,Hunter S. Thompson,False,1105
While Mortals Sleep,Kurt Vonnegut,False,1096
Imago,Octavia E. Butler,False,1086
Indignation,Philip Roth,False,1085
Underworld,Don Delillo,False,1069
Breath Eyes Memory,Edwidge Danticat,False,1067
Tales From Earthsea,Ursula K. Le Guin,False,1065
Where I'M Calling From,Raymond Carver,False,1052
Bluebeard,Kurt Vonnegut,False,1048
Sailing Alone Around The Room,Billy Collins,False,1044
Reservation Blues,Sherman Alexie,False,1030
In Persuasion Nation,George Saunders,False,1022
Teaching A Stone To Talk,Annie Dillard,False,1017
Girl With Curious Hair,David Foster Wallace,False,1015
The Writing Life,Annie Dillard,False,1012
Galapagos,Kurt Vonnegut,False,1007
Faithful And Virtuous Night,Louise Glück,False,996
The Other Wind,Ursula K. Le Guin,False,991
Words Are My Matter,Ursula K. Le Guin,False,987
The Shadowed Sun,N. K. Jemisin,False,981
Herzog,Saul Bellow,False,981
Selected Stories Of Philip K,Philip K. Dick,False,968
Unexpected Stories,Octavia E. Butler,False,965
The Human Stain,Philip Roth,False,959
Jack And The Box,Art Spiegelman,False,958
Going To Meet The Man,James Baldwin,True,946
Annie John,Jamaica Kincaid,False,944
Where I Was From,Joan Didion,False,926
Look At The Birdie,Kurt Vonnegut,False,921
Indian Killer,Sherman Alexie,False,913
Blue Horses,Mary Oliver,False,909
Brother Im Dying,Edwidge Danticat,False,907
Crazy Brave,Joy Harjo,False,906
The David Foster Wallace Reader,David Foster Wallace,False,904
Everything Inside,Edwidge Danticat,False,889
The Collected Stories Of Philip K,Philip K. Dick,False,888
Valis,Philip K. Dick,False,882
Death Of A Salesman,Arthur Miller,True,879
House Of Light,Mary Oliver,False,876
Chickadee,Louise Erdrich,False,874
An American Childhood,Annie Dillard,False,869
Terrorist,John Updike,False,868
God Bless You Doctor Kevorkian,Kurt Vonnegut,False,866
How Aunt Lola Came To Stay,Julia Alvarez,False,862
Howl,Allen Ginsberg,True,849
The Abundance,Annie Dillard,False,847
The Braindead Megaphone,George Saunders,False,843
Both Flesh And Not,David Foster Wallace,False,843
Steering The Craft,Ursula K. Le Guin,False,843
Mother Night,Kurt Vonnegut,False,836
Against The Day,Thomas Pynchon,False,831
The Cemetery Of Untold Stories,Julia Alvarez,False,825
"Will You Please Be Quiet, Please?",Raymond Carver,False,825
Life On Mars,Tracy K. Smith,False,820
Nemesis,Philip Roth,False,820
The Dew Breaker,Edwidge Danticat,False,819
Clays Ark,Octavia E. Butler,False,817
Wake Up,Jack Kerouac,False,817
All Aunt Hagars Children,Edward P. Jones,False,815
Caramelo Or Puro Cuento,Sandra Cisneros,False,805
Drown,Junot Díaz,True,802
Rocannon'S World,Ursula K. Le Guin,False,802
The Good Luck Cat,Joy Harjo,False,792
Now Is The Time To Open Your Heart,Alice Walker,False,790
Mason And Dixon,Thomas Pynchon,False,787
Peeny Butter Fudge,Toni Morrison,False,784
Libra,Don Delillo,False,779
Ursula K. Le Guin,Ursula K. Le Guin,False,779
Exit Ghost,Philip Roth,False,774
Sabbaths Theater,Philip Roth,False,768
The Moon Lady,Amy Tan,False,750
The Birthday Of The World,Ursula K. Le Guin,False,747
Everything And More,David Foster Wallace,False,743
Saving The World,Julia Alvarez,False,738
Desolation Angels,Jack Kerouac,False,738
Thirst,Mary Oliver,True,737
The City Born Great,N. K. Jemisin,False,733
Red Bird,Mary Oliver,False,725
The Beginning Place,Ursula K. Le Guin,False,725
Conflict Resolution For Holy Beings,Joy Harjo,False,723
We Tell Ourselves Stories In Order To Live,Joan Didion,False,721
God Bless You Mister Rosewater,Kurt Vonnegut,False,718
Tell Me How Long The Trains Been Gone,James Baldwin,False,716
Pity The Reader,Kurt Vonnegut,False,713
V,Thomas Pynchon,False,713
Always Coming Home,Ursula K. Le Guin,False,709
Where Do We Go From Here,Martin Luther King Jr.,False,706
The Collected Stories Of Eudora Welty,Eudora Welty,False,703
A Streetcar Named Desire,Tennessee Williams,True,699
Nobody Knows My Name,James Baldwin,False,698
Notes To John,Joan Didion,False,698
Ordinary Light,Tracy K. Smith,False,696
The Awakened Kingdom,N. K. Jemisin,False,693
Doctor Bloodmoney,Philip K. Dick,False,687
The Toughest Indian In The World,Sherman Alexie,False,682
The Dream Of A Common Language,Adrienne Rich,False,674
A Poetry Handbook,Mary Oliver,False,672
Armageddon In Retrospect,Kurt Vonnegut,False,667
The Trouble With Poetry,Billy Collins,False,667
Vineland,Thomas Pynchon,False,665
Four Novels Of The 1960s,Philip K. Dick,False,663
The Salt Eaters,Toni Cade Bambara,False,661
James Baldwin,James Baldwin,False,661
Hocus Pocus,Kurt Vonnegut,False,654
For The Time Being,Annie Dillard,False,651
The Wave In The Mind,Ursula K. Le Guin,False,649
Patternmaster,Octavia E. Butler,False,645
Cat Dreams,Ursula K. Le Guin,False,645
The Silence,Don Delillo,False,642
Caramelo,Sandra Cisneros,False,636
Slapstick,Kurt Vonnegut,False,635
Voices,Ursula K. Le Guin,False,634
Fences,August Wilson,True,634
Deadeye Dick,Kurt Vonnegut,False,634
The Journals Of Sylvia Plath,Sylvia Plath,False,632
Playing In The Dark,Toni Morrison,False,627
The Collected Stories,Grace Paley,False,625
The Turquoise Ledge,Leslie Marmon Silko,False,621
Powers,Ursula K. Le Guin,False,619
The Humbling,Philip Roth,False,610
Poems 1962-2012,Louise Glück,False,608
The Red Convertible,Louise Erdrich,False,605
Zami,Audre Lorde,False,600
Just Above My Head,James Baldwin,False,600
In The Lake Of The Woods,Tim O'Brien,False,596
Lone Ranger And Tonto Fistfight In Heaven,Sherman Alexie,False,593
Bagombo Snuff Box,Kurt Vonnegut,False,588
Catwings Return,Ursula K. Le Guin,False,587
Going After Cacciato,Tim O'Brien,False,586
The Last Thing He Wanted,Joan Didion,False,580
The Ghost Writer,Philip Roth,False,580
The Collected Poems,Sylvia Plath,False,574
The Widows Of Eastwick,John Updike,False,574
This Present Moment,Gary Snyder,False,571
The Witches Of Eastwick,John Updike,False,567
Earthsea,Ursula K. Le Guin,False,562
A House Of My Own,Sandra Cisneros,False,561
A Childs Calendar,John Updike,False,556
Woman Hollering Creek,Sandra Cisneros,True,556
Galactic Pot,Philip K. Dick,False,552
The Violent Bear It Away,Flannery O' Connor,False,552
Krik,Edwidge Danticat,False,552
City Of Illusions,Ursula K. Le Guin,False,549
For Better And For Worse,Sherman Alexie,False,548
In The Shadow Of No Towers,Art Spiegelman,False,547
Holy The Firm,Annie Dillard,False,547
Rabbit At Rest,John Updike,False,546
Fox 8,George Saunders,False,546
Seize The Day,Saul Bellow,False,545
A Book Of Common Prayer,Joan Didion,False,541
The Glass Menagerie,Tennessee Williams,False,540
Juneteenth,Ralph Ellison,False,534
Screwjack,Hunter S. Thompson,False,530
Jailbird,Kurt Vonnegut,False,530
Wade In The Water,Tracy K. Smith,False,528
Almanac Of The Dead,Leslie Marmon Silko,False,525
The Etiquette Of Freedom,Gary Snyder,False,525
Wonderful Alexander And The Catwings,Ursula K. Le Guin,False,525
A Wedding In Haiti,Julia Alvarez,False,521
The Tortoise Or The Hare,Toni Morrison,False,520
Mary Ventura And The Ninth Kingdom,Sylvia Plath,False,519
Lucy,Jamaica Kincaid,False,515
The Very Persistent Gappers Of Frip,George Saunders,False,513
The Devil Finds Work,James Baldwin,False,511
Four Ways To Forgiveness,Ursula K. Le Guin,False,506
American Classics,Amy Tan,False,504
The Angel Esmeralda,Don Delillo,False,502
Fear And Loathing In America,Hunter S. Thompson,False,501
The Kurt Vonnegut Junior Audio Collection,Kurt Vonnegut,False,501
Mao Ii,Don Delillo,False,496
The Telling,Ursula K. Le Guin,False,496
Ballistics,Billy Collins,False,495
Shades In Shadow,N. K. Jemisin,False,493
Evidence,Mary Oliver,False,491
The Antelope Wife,Louise Erdrich,False,487
Run River,Joan Didion,False,482
The Stories Of John Cheever,John Cheever,False,481
America Fantastica,Tim O'Brien,False,478
The Selected Stories Of Philip K,Philip K. Dick,False,474
The Collected Poems Of Audre Lorde,Audre Lorde,False,472
The Crack In Space,Philip K. Dick,False,470
Worlds Of Exile And Illusion,Ursula K. Le Guin,False,470
Paycheck,Philip K. Dick,False,470
The Body Artist,Don Delillo,False,468
Lonesome Traveler,Jack Kerouac,False,466
Point Omega,Don Delillo,False,463
Lost In The City,Edward P. Jones,False,461
Horoscopes For The Dead,Billy Collins,False,460
I Married A Communist,Philip Roth,False,457
Remember,Toni Morrison,False,450
The Rain In Portugal,Billy Collins,False,447
The Clothing Of Books,Jhumpa Lahiri,False,445
The Brief And Frightening Reign Of Phil,George Saunders,False,444
Antelope Woman,Louise Erdrich,False,444
The Centaur,John Updike,False,443
My Fathers Tears,John Updike,False,442
Couples,John Updike,False,441
The Sea Is My Brother,Jack Kerouac,False,441
How Aunt Lola Saved The Summer,Julia Alvarez,False,440
Rabbit Angstrom,John Updike,False,440
Nine Horses,Billy Collins,False,439
Fate Time And Language,David Foster Wallace,False,439
Mamas Nightingale,Edwidge Danticat,False,437
Spent,Alison Bechdel,False,433
Why We Cant Wait,Martin Luther King Jr.,False,431
Man Without A Country,Kurt Vonnegut,False,429
No Name In The Street,James Baldwin,False,428
At Blackwater Pond,Mary Oliver,False,426
Little Cloud And Lady Wind,Toni Morrison,False,426
Philip K,Philip K. Dick,False,425
There Is A Flower At The Tip Of My Nose Smelling Me,Alice Walker,False,425
Long Life,Mary Oliver,False,424
The Boy Who Didnt Believe In Spring,Lucille Clifton,False,424
The Farming Of Bones,Edwidge Danticat,False,423
Collected Works,Flannery O' Connor,False,421
Makoons,Louise Erdrich,False,421
Translating Myself,Jhumpa Lahiri,False,419
Whereas,Layli Long Soldier,False,414
In Love And Trouble,Alice Walker,False,414
How Aunt Lola Learned To Teach,Julia Alvarez,False,413
The Secret Footprints,Julia Alvarez,False,412
On Tennis,David Foster Wallace,False,409
Tracks,Louise Erdrich,False,407
The Penultimate Truth,Philip K. Dick,False,405
Wild And Precious,Mary Oliver,False,402
Why War Is Never A Good Idea,Alice Walker,False,402
Ariel,Sylvia Plath,True,402
Dream Work,Mary Oliver,False,399
Fifty Famous Stories Retold,James Baldwin,False,397
Cosmopolis,Don Delillo,False,393
Time Out Of Joint,Philip K. Dick,False,393
Cat On A Hot Tin Roof,Tennessee Williams,False,392
The Way Forward Is With A Broken Heart,Alice Walker,False,392
Face,Sherman Alexie,False,392
Humboldts Gift,Saul Bellow,False,390
The Colossus,Sylvia Plath,False,389
You Cant Keep A Good Woman Down,Alice Walker,False,388
Twelve Moons,Mary Oliver,False,387
The Daughter Of Odren,Ursula K. Le Guin,False,385
Fear And Loathing On The Campaign Trail 72,Hunter S. Thompson,False,385
The Origin Of Others,Toni Morrison,False,384
Rabbit Is Rich,John Updike,False,384
Swan,Mary Oliver,False,384
Political Fictions,Joan Didion,False,382
The Subterraneans,Jack Kerouac,False,382
All Of Us,Raymond Carver,False,381
We Are What We Pretend To Be,Kurt Vonnegut,False,380
Planet Of Exile,Ursula K. Le Guin,False,377
The Books Of Earthsea,Ursula K. Le Guin,False,375
Nothing Ever Dies,Viet Thanh Nguyen,False,373
The Selected Works Of Audre Lorde,Audre Lorde,False,371
The Cancer Journals,Audre Lorde,False,369
Remember,Joy Harjo,False,367
Among Flowers,Jamaica Kincaid,False,365
Rabbit Redux,John Updike,False,364
The Disappearing Alphabet,Richard Wilbur,False,364
Henderson The Rain King,Saul Bellow,False,364
The Early Work Of Philip K,Philip K. Dick,False,362
Clans Of The Alphane Moon,Philip K. Dick,False,362
The Piano Lesson,August Wilson,False,361
Once Upon A Quinceanera,Julia Alvarez,False,360
The Maples Stories,John Updike,False,358
Collected Stories,Raymond Carver,False,357
Winter Recipes From The Collective,Louise Glück,False,352
In Milton Lumky Territory,Philip K. Dick,False,352
Democracy,Joan Didion,False,351
Owls,Mary Oliver,False,351
What Do We Know,Mary Oliver,False,350
Blue Iris,Mary Oliver,False,350
Anacaona Golden Flower,Edwidge Danticat,False,350
Villages,John Updike,False,350
The Early Stories,John Updike,False,348
Meridian,Alice Walker,False,345
I Am Not Your Negro,James Baldwin,False,345
The Autobiography Of My Mother,Jamaica Kincaid,False,344
The Lone Ranger And Tonto Fistfight In Heaven,Sherman Alexie,False,344
The Shadow Of Sirius,W.S. Merwin,False,344
By The Light Of My Fathers Smile,Alice Walker,False,343
The Leaf And The Cloud,Mary Oliver,False,338
The Gingerbread Rabbit,Randall Jarrell,False,338
Radio Free Albemuth,Philip K. Dick,False,338
The Wild Iris,Louise Glück,False,334
The Beet Queen,Louise Erdrich,False,330
Nothing Personal,James Baldwin,False,329
A Maze Of Death,Philip K. Dick,False,328
The Chinese Siamese Cat,Amy Tan,False,328
See Now Then,Jamaica Kincaid,False,326
Lies Inc,Philip K. Dick,False,326
Taking The Arrow Out Of The Heart,Alice Walker,False,323
Americana,Don Delillo,False,322
At The Bottom Of The River,Jamaica Kincaid,False,321
A Prayer Journal,Flannery O' Connor,False,320
Earth Keeper,N. Scott Momaday,False,319
The Temple Of My Familiar,Alice Walker,False,316
Breakdowns,Art Spiegelman,False,316
Mister Potter,Jamaica Kincaid,False,312
Kurt Vonnegut,Kurt Vonnegut,False,312
Tom Mouse,Ursula K. Le Guin,False,312
String Theory,David Foster Wallace,False,311
Rules For The Dance,Mary Oliver,False,311
The Eye Of The Heron,Ursula K. Le Guin,False,311
So Far So Good,Ursula K. Le Guin,False,307
Collected Essays,James Baldwin,False,307
Meditations In An Emergency,Frank O'Hara,False,306
Tales Of Burning Love,Louise Erdrich,False,305
Possessing The Secret Of Joy,Alice Walker,False,305
Fear And Loathing At Rolling Stone,Hunter S. Thompson,False,304
What Ive Stolen What Ive Earned,Sherman Alexie,False,304
A View From The Bridge,Arthur Miller,False,304
Yo,Julia Alvarez,True,304
Hard Times Require Furious Dancing,Alice Walker,False,304
Borderlands,Gloria Anzaldúa,False,301
Martian Time,Philip K. Dick,False,301
In The Time of the Butterflies,Julia Alvarez,False,300
"July, July",Tim O'Brien,False,298
Satori In Paris,Jack Kerouac,False,297
The Autobiography Of Martin Luther King Junior,Martin Luther King Jr.,False,296
Upon The Dull Earth,Philip K. Dick,False,295
Diving Into The Wreck,Adrienne Rich,True,294
If This Isnt Nice What Is,Kurt Vonnegut,False,294
Visions Of Cody,Jack Kerouac,False,293
Counter,Philip K. Dick,False,292
Essential Vonnegut Interviews,Kurt Vonnegut,False,292
Poems,Elizabeth Bishop,False,291
A Grace Paley Reader,Grace Paley,False,291
Collected Stories,John Cheever,False,290
The Prague Orgy,Philip Roth,False,290
Eight Days,Edwidge Danticat,False,289
Dancing At The Edge Of The World,Ursula K. Le Guin,False,289
The Business Of Fancydancing,Sherman Alexie,False,288
Early Novels And Stories,James Baldwin,False,288
Mumbo Jumbo,Ishmael Reed,False,288
The Golden Apples,Eudora Welty,False,286
My Mommy Medicine,Edwidge Danticat,False,286
Woman Without Shame,Sandra Cisneros,False,285
The Best American Short Stories 2016,Junot Díaz,False,285
David Foster Wallace,David Foster Wallace,False,284
Maggie Cassidy,Jack Kerouac,False,284
The Collected Poems Of Lucille Clifton 1965,Lucille Clifton,False,280
One Stick Song,Sherman Alexie,False,279
One Writers Beginnings,Eudora Welty,False,279
Short Cuts,Raymond Carver,False,278
The Proud Highway,Hunter S. Thompson,False,278
How We Became Human,Joy Harjo,False,277
Have You Seen Marie,Sandra Cisneros,False,277
How Aunt Lola Ended Up Starting Over,Julia Alvarez,False,276
Salvador,Joan Didion,False,275
Novels And Stories 1963,Kurt Vonnegut,False,273
Dad'S Maybe Book,Tim O'Brien,False,271
The Exegesis Of Philip K,Philip K. Dick,False,271
A Gift Of Gracias,Julia Alvarez,False,271
Lola,Junot Díaz,False,269
Please Louise,Toni Morrison,False,268
Essential Welty,Eudora Welty,False,268
The Truro Bear,Mary Oliver,False,266
The Art Of Death,Edwidge Danticat,False,266
We Are The Ones We Have Been Waiting For,Alice Walker,False,265
Marigold And Rose,Louise Glück,False,264
Mystery And Manners,Flannery O' Connor,False,264
The Divine Invasion,Philip K. Dick,False,263
The Wild Girls,Ursula K. Le Guin,False,261
The Cross Of Redemption,James Baldwin,False,261
The Natural,Bernard Malamud,False,261
The Names,Don Delillo,False,261
Enormous Changes At The Last Minute,Grace Paley,False,260
Hainish Novels & Stories. Volume One,Ursula K. Le Guin,False,260
Aunt Lola Stories,Julia Alvarez,False,259
There Is Simply Too Much To Think About,Saul Bellow,False,259
The Black Unicorn,Audre Lorde,False,258
Fear And Loathing,Hunter S. Thompson,False,258
Averno,Louise Glück,False,258
The Defenders,Philip K. Dick,False,256
All My Sons,Arthur Miller,False,255
The Ponder Heart,Eudora Welty,False,253
Untwine,Edwidge Danticat,False,253
Danger On Peaks,Gary Snyder,False,253
The Counterlife,Philip Roth,False,252
Loose Woman,Sandra Cisneros,False,252
Vintage Didion,Joan Didion,False,251
Whale Day,Billy Collins,False,249
Essential Essays,Adrienne Rich,False,248
The Simulacra,Philip K. Dick,False,247
Seven Guitars,August Wilson,False,247
Self,John Updike,True,246
Seek My Face,John Updike,False,245
Call If You Need Me,Raymond Carver,False,245
A Small Place,Jamaica Kincaid,False,245
The Range Eternal,Louise Erdrich,False,245
"Gorilla, My Love",Toni Cade Bambara,False,242
Voices From The Street,Philip K. Dick,False,242
Poems,Sylvia Plath,False,242
The Death Of Sitting Bear,N. Scott Momaday,False,241
When She Was Good,Philip Roth,False,241
The Essential Ginsberg,Allen Ginsberg,False,241
Playlist For The Apocalypse,Rita Dove,False,240
Musical Tables,Billy Collins,False,239
Riprap,Gary Snyder,True,239
Middle C,William H. Gass,False,238
How To Carry Water,Lucille Clifton,False,238
Collected Poems 1950,Adrienne Rich,False,236
A Village Life,Louise Glück,False,235
The Transmigration Of Timothy Archer,Philip K. Dick,False,235
Operation Shylock,Philip Roth,False,234
Collected Plays 1944,Arthur Miller,False,234
Second Variety,Philip K. Dick,False,233
The Letters Of Sylvia Plath,Sylvia Plath,False,232
Joe Turners Come And Gone,August Wilson,False,232
Complete Novels,Eudora Welty,False,230
Ma Raineys Black Bottom,August Wilson,False,229
Signifying Rappers,David Foster Wallace,False,228
Now Wait For Last Year,Philip K. Dick,False,228
Lunch Poems,Frank O'Hara,False,228
The Ones Who Walk Away From Omelas,Ursula K. Le Guin,False,227
Total Recall,Philip K. Dick,False,225
Pigeon Feathers,John Updike,False,225
Books And Islands In Ojibwe Country,Louise Erdrich,False,224
Self,John Ashbery,True,224
The Third Life Of Grange Copeland,Alice Walker,False,219
2br02b,Kurt Vonnegut,False,219
Martita I Remember You,Sandra Cisneros,False,219
Jimmys Blues,James Baldwin,False,218
The Actual,Saul Bellow,False,216
In Search Of Our Mothers Gardens,Alice Walker,False,215
Novels 1967,Philip Roth,False,215
On Being Blue,William H. Gass,False,214
The Town And The City,Jack Kerouac,False,214
Patrimony,Philip Roth,False,214
Collected Stories,Saul Bellow,False,213
Jitney,August Wilson,False,213
The Anatomy Lesson,Philip Roth,False,213
After The Fall,Arthur Miller,False,212
Elizabeth Bishop,Elizabeth Bishop,False,211
The John Updike Audio Collection,John Updike,False,209
Gertrude And Claudius,John Updike,False,209
The Price Of The Ticket,James Baldwin,False,208
The Man Whose Teeth Were All Exactly Alike,Philip K. Dick,False,208
Doctor Sax,Jack Kerouac,False,207
Modern American Memoirs,Annie Dillard,False,207
Billy Collins Live,Billy Collins,False,206
Zuckerman Unbound,Philip Roth,False,206
Collected Poems 1947,Allen Ginsberg,False,206
And The Hippos Were Boiled In Their Tanks,Jack Kerouac,False,205
Selected Works Of Audre Lorde,Audre Lorde,False,204
The Displaced,Viet Thanh Nguyen,False,201
Bronzeville Boys And Girls,Gwendolyn Brooks,False,199
Eye In The Sky,Philip K. Dick,False,197
Complete Novels,John Cheever,False,197
When The Light Of The World Was Subdued Our Songs Came Through,Joy Harjo,False,196
Collected Poems,Rita Dove,False,195
Flying Home,Ralph Ellison,False,194
Slow Learner,Thomas Pynchon,False,194
The People Shall Continue,Simon J. Ortiz,False,193
"If I Die In A Combat Zone, Box Me Up And Ship Me Home",Tim O'Brien,False,192
Behind My Eyes,Li-Young Lee,False,192
New And Selected Poems Volume Two,Mary Oliver,False,190
Him With His Foot In His Mouth,Saul Bellow,False,189
Great Angel Fantasies,Philip K. Dick,False,188
Plays 1957,Tennessee Williams,False,187
Blue Pastures,Mary Oliver,False,187
West Wind,Mary Oliver,False,187
The Annie Dillard Reader,Annie Dillard,False,187
Zuckerman Bound,Philip Roth,False,185
Questions About Angels,Billy Collins,False,184
First Indian On The Moon,Sherman Alexie,False,184
Five Novels Of The 1960s And 70s,Philip K. Dick,False,183
Selected Poems,Gwendolyn Brooks,False,183
To Save And To Destroy,Viet Thanh Nguyen,False,182
Novels And Stories 1959,Philip Roth,False,182
Gem Of The Ocean,August Wilson,False,182
The Cushion In The Road,Alice Walker,False,182
Very Far Away From Anywhere Else,Ursula K. Le Guin,False,181
The Summer Of Black Widows,Sherman Alexie,False,181
On Writing,Eudora Welty,False,181
Stride Toward Freedom,Martin Luther King Jr.,False,180
We Are Shining,Gwendolyn Brooks,False,179
The John Cheever Audio Collection,John Cheever,False,177
End Zone,Don Delillo,False,176
Life Sentences,William H. Gass,False,175
Gardens In The Dunes,Leslie Marmon Silko,False,175
The Moon Before Morning,W.S. Merwin,False,174
Winter Hours,Mary Oliver,False,174
Imagine,Juan Felipe Herrera,False,173
The Good Rainbow Road,Simon J. Ortiz,False,173
Create Dangerously,Edwidge Danticat,False,173
The Upside Down Boy,Juan Felipe Herrera,False,172
Ravelstein,Saul Bellow,False,172
Where Do They Go,Julia Alvarez,False,171
American Originality,Louise Glück,False,171
The World Will Follow Joy,Alice Walker,False,171
Licks Of Love,John Updike,False,170
A Fisherman Of The Inland Sea,Ursula K. Le Guin,False,170
Absolute Trust In The Goodness Of The Earth,Alice Walker,False,170
Little Man Little Man,James Baldwin,False,170
American Primitive,Mary Oliver,False,170
Letting Go,Philip Roth,False,168
Ratners Star,Don Delillo,False,168
White Pine,Mary Oliver,False,168
Trust Me,John Updike,False,167
The Complete Poems 1927,Elizabeth Bishop,False,166
The Man Who Japed,Philip K. Dick,False,165
The Found And The Lost,Ursula K. Le Guin,False,164
The Radical King,Martin Luther King Jr.,False,164
Broken Glass,Arthur Miller,False,163
The Afterlife,John Updike,False,163
Sun Moon Star,Kurt Vonnegut,False,162
Thrall,Natasha Trethewey,False,162
Fidelity,Grace Paley,False,161
The New Atlantis,Ursula K. Le Guin,False,161
Living By Fiction,Annie Dillard,False,161
We Can Build You,Philip K. Dick,False,161
Gathering Blossoms Under Fire,Alice Walker,False,160
Hawaii One Summer,Maxine Hong Kingston,False,160
Summer Doorways,W.S. Merwin,False,160
Two Trains Running,August Wilson,False,159
Where Water Comes Together With Other Water,Raymond Carver,False,158
Maud Martha,Gwendolyn Brooks,False,158
The American Trilogy 1997,Philip Roth,False,158
I Am Your Sister,Audre Lorde,False,157
Words In Air,Elizabeth Bishop,False,157
The Low Low Woods,Carmen Maria Machado,False,156
The Fifth Book Of Peace,Maxine Hong Kingston,False,156
Fates Worse Than Death,Kurt Vonnegut,False,155
Where Shall I Wander,John Ashbery,False,155
Native Guard,Natasha Trethewey,True,154
Strength To Love,Martin Luther King Jr.,False,153
Weaving Sundown In A Scarlet Light,Joy Harjo,False,153
"Hot, Throbbing Dykes To Watch Out For",Alison Bechdel,False,152
Unnatural Dykes To Watch Out For,Alison Bechdel,False,152
Hainish Novels & Stories. Volume Two,Ursula K. Le Guin,False,152
The High Sierra Of California,Gary Snyder,False,152
Due Considerations,John Updike,False,151
Always Looking,John Updike,False,151
The Compass Rose,Ursula K. Le Guin,False,150
Youre A Genius All The Time,Jack Kerouac,False,150
Love Kurt,Kurt Vonnegut,False,150
Hunter S,Hunter S. Thompson,False,150
Three Plays,August Wilson,False,150
Haiti Noir,Edwidge Danticat,False,149
Complete Stories,Kurt Vonnegut,False,149
Miami,Joan Didion,False,149
The Practice Of The Wild,Gary Snyder,False,148
The Measure Of Our Lives,Toni Morrison,False,147
Endpoint,John Updike,False,146
The Evidence Of Things Not Seen,James Baldwin,False,146
Palm Sunday,Kurt Vonnegut,False,145
The White Card,Claudia Rankine,False,145
The Best American Essays 2011,Edwidge Danticat,False,142
The Allen Ginsberg Poetry Collection,Allen Ginsberg,False,142
The Wapshot Chronicle,John Cheever,False,142
The Dying Animal,Philip Roth,False,142
Edgar Allan Poe And The Juke,Elizabeth Bishop,False,141
Turtle Island,Gary Snyder,False,141
The Shoe Bird,Eudora Welty,False,139
Of The Farm,John Updike,False,139
To Free The Captives,Tracy K. Smith,False,139
Dream Drawings,N. Scott Momaday,False,139
A Time To Break Silence,Martin Luther King Jr.,False,138
Mister Sammlers Planet,Saul Bellow,False,137
I Love A Broad Margin To My Life,Maxine Hong Kingston,False,137
After Henry,Joan Didion,False,136
Visions Of Gerard,Jack Kerouac,False,136
Running Dog,Don Delillo,False,136
Three Days Before The Shooting,Ralph Ellison,False,134
Stories Essays And Memoir,Eudora Welty,False,134
Great Jones Street,Don Delillo,False,134
Selected Stories,John Updike,False,134
Evening Train,Denise Levertov,False,133
The Zap Gun,Philip K. Dick,False,133
Were Alone,Edwidge Danticat,False,132
In The Heart Of The Heart Of The Country,William H. Gass,False,132
Radio Golf,August Wilson,False,132
The Victim,Saul Bellow,False,132
Selected Poems,Frank O'Hara,False,132
Just As I Thought,Grace Paley,False,131
Tripmaster Monkey,Maxine Hong Kingston,False,131
Everett Andersons Goodbye,Lucille Clifton,False,130
Searoad,Ursula K. Le Guin,False,130
Monument,Natasha Trethewey,False,130
Flannery Oconnor,Flannery O' Connor,False,129
Better Than Sex,Hunter S. Thompson,False,129
Selected Poems,Theodore Roethke,False,129
Migration,W.S. Merwin,False,129
Far Sector,N. K. Jemisin,False,129
Presence,Arthur Miller,False,129
A Few Rules For Predicting The Future,Octavia E. Butler,False,129
Collected Poems 1943,Richard Wilbur,False,127
Mccains Promise,David Foster Wallace,False,127
S,John Updike,False,127
In The Beauty Of The Lilies,John Updike,False,127
Those Bones Are Not My Child,Toni Cade Bambara,False,126
Ararat,Louise Glück,False,126
Pictures From An Institution,Randall Jarrell,False,125
The Collected Poems Of Denise Levertov,Denise Levertov,False,124
Kingdom Of Fear,Hunter S. Thompson,False,124
Toward The End Of Time,John Updike,False,123
Solar Lottery,Philip K. Dick,False,122
Out Here,Ursula K. Le Guin,False,121
Electric Dreams,Philip K. Dick,False,121
Collected Poems 1956,John Ashbery,False,121
The Price,Arthur Miller,False,120
The Seven Ages,Louise Glück,False,120
Essential Cheever,John Cheever,False,119
More Die Of Heartbreak,Saul Bellow,False,119
Earthsea--Series 2,Ursula K. Le Guin,False,118
The Undressing,Li-Young Lee,False,118
The Way To Rainy Mountain,N. Scott Momaday,True,118
Back On The Fire,Gary Snyder,False,117
Suckers Portfolio,Kurt Vonnegut,False,116
Old Shirts And New Skins,Sherman Alexie,False,116
Storyteller,Leslie Marmon Silko,False,116
Overcoming Speechlessness,Alice Walker,False,116
Blessing The Boats,Lucille Clifton,True,115
Already A Butterfly,Julia Alvarez,False,115
Commotion Of The Birds,John Ashbery,False,114
The Complete Poems,Anne Sexton,False,114
The Great American Novel,Philip Roth,False,113
Of Woman Born,Adrienne Rich,False,113
The Chicken Chronicles,Alice Walker,False,112
Smoke Signals,Sherman Alexie,False,111
Kurt Vonnegut Letters,Kurt Vonnegut,False,111
Deus Irae,Philip K. Dick,False,111
Featherless,Juan Felipe Herrera,False,110
Wait Till Im Dead,Allen Ginsberg,False,110
The Bat,Randall Jarrell,False,110
The Language Of The Night,Ursula K. Le Guin,False,109
To Jerusalem And Back,Saul Bellow,False,109
Orpheus Descending,Tennessee Williams,False,109
The Cosmic Puppets,Philip K. Dick,False,109
Co Mix,Art Spiegelman,False,109
The Best Minds Of My Generation,Allen Ginsberg,False,108
A Call To Conscience,Martin Luther King Jr.,False,108
Sands Of The Well,Denise Levertov,False,108
Original Fire,Louise Erdrich,False,108
Book Of My Nights,Li-Young Lee,False,108
Dont Let Me Be Lonely,Claudia Rankine,False,108
Friends From The Other Side = Amigos Del Otro Lado,Gloria Anzaldúa,False,108
Malafrena,Ursula K. Le Guin,False,107
Flight To Canada,Ishmael Reed,False,107
The Wind'S Twelve Quarters,Ursula K. Le Guin,False,107
Chicken Of The Sea,Viet Thanh Nguyen,False,107
Sweet People Are Everywhere,Alice Walker,False,107
A Worldly Country,John Ashbery,False,107
Such Color,Tracy K. Smith,False,107
Octavia E,Octavia E. Butler,False,106
Jack Kerouac And Allen Ginsberg,Jack Kerouac,False,105
Selected Poems,Robert Lowell,False,105
Our Gang,Philip Roth,False,105
Joan Didion,Joan Didion,False,104
King Hedley Ii,August Wilson,False,104
The Gary Snyder Reader,Gary Snyder,False,104
Something To Do With Paying Attention,David Foster Wallace,False,103
The Habit Of Being,Flannery O' Connor,False,103
The Variable Man,Philip K. Dick,False,102
This Great Unknowing,Denise Levertov,False,102
"""All Labor Has Dignity""",Martin Luther King Jr.,False,102
Catching The Light,Joy Harjo,False,101
The Tunnel,William H. Gass,False,100
First Thought Best Thought,Allen Ginsberg,False,100
Proofs & Theories,Louise Glück,False,99
Tonight No Poetry Will Serve,Adrienne Rich,False,99
Langston Hughes American Poet,Alice Walker,False,99
The Night Of The Iguana,Tennessee Williams,False,99
Hairs,Sandra Cisneros,False,98
A New Path To The Waterfall,Raymond Carver,False,98
Martin Luther King Junior The Last Interview,Martin Luther King Jr.,False,97
Imperfect Thirst,Galway Kinnell,False,97
Marry Me,John Updike,False,97
Novels 1973,Philip Roth,False,96
Rabbit Remembered,John Updike,False,96
Selected Poems 1947,Allen Ginsberg,False,96
The Dead Father,Donald Barthelme,False,96
The Professor Of Desire,Philip Roth,False,96
The Collected Poems Of Theodore Roethke,Theodore Roethke,False,95
The Nuclear Age,Tim O'Brien,False,95
Midnight Salvage,Adrienne Rich,False,94
The School Among The Ruins,Adrienne Rich,False,94
Late In The Day,Ursula K. Le Guin,False,94
Garden Time,W.S. Merwin,False,94
The Book Of Light,Lucille Clifton,False,94
The Complete Orsinia,Ursula K. Le Guin,False,93
Duende,Tracy K. Smith,False,93
On The Bus With Rosa Parks,Rita Dove,False,93
Third Life Of Grange Copeland,Alice Walker,False,93
Orsinian Tales,Ursula K. Le Guin,False,93
S O S,Amiri Baraka,False,93
Novels 1976,Kurt Vonnegut,False,93
The Haunted Life,Jack Kerouac,False,93
Confessions Of A Crap Artist,Philip K. Dick,False,92
In Mad Love And War,Joy Harjo,False,92
Calling The Doves,Juan Felipe Herrera,False,92
Unlocking The Air,Ursula K. Le Guin,False,90
Pafko At The Wall,Don Delillo,False,90
The Names,N. Scott Momaday,False,90
Generations,Lucille Clifton,False,89
Something To Declare,Julia Alvarez,False,89
Mexico City Blues,Jack Kerouac,False,89
Selected Poems,Denise Levertov,False,88
What If Our World Is Their Heaven,Philip K. Dick,False,88
A Temple Of Texts,William H. Gass,False,88
After The Dance,Edwidge Danticat,False,87
Later Poems,Adrienne Rich,False,87
Rogers Version,John Updike,False,87
On Lies Secrets And Silence,Adrienne Rich,False,87
Flying To America,Donald Barthelme,False,87
Grandma And Me At The Flea,Juan Felipe Herrera,False,87
The Far Field,Theodore Roethke,False,86
Illuminated Poems,Allen Ginsberg,False,86
In Search of Miracles,Julia Alvarez,False,86
One Day When I Was Lost,James Baldwin,False,85
The Essential Gwendolyn Brooks,Gwendolyn Brooks,False,85
Autobiography Of My Mother,Jamaica Kincaid,False,85
Suddenly Last Summer,Tennessee Williams,False,85
Like Shaking Hands With God,Kurt Vonnegut,False,85
The Man Who Had All The Luck,Arthur Miller,False,84
Your Name Here,John Ashbery,False,84
Yellow Woman And A Beauty Of The Spirit,Leslie Marmon Silko,False,84
Higher Gossip,John Updike,False,84
The Bingo Palace,Louise Erdrich,False,84
Blues People,Amiri Baraka,False,83
Tristessa,Jack Kerouac,False,83
Sonata Mulattica,Rita Dove,False,83
The Lice,W.S. Merwin,False,83
Present Company,W.S. Merwin,False,83
Deliberate Prose,Allen Ginsberg,False,82
Doctor Futurity,Philip K. Dick,False,82
The Dancing Mind,Toni Morrison,False,82
In The Name of Salome,Julia Alvarez,False,82
Eyes,William H. Gass,False,82
Finding My Elegy,Ursula K. Le Guin,False,81
Passage Through India,Gary Snyder,False,81
Book Of Sketches,Jack Kerouac,False,81
One Of The Problems Of Everett Anderson,Lucille Clifton,False,81
27 Wagons Full Of Cotton,Tennessee Williams,False,80
Mister Paradise,Tennessee Williams,False,80
The Collected Essays Of Ralph Ellison,Ralph Ellison,False,80
The Poorhouse Fair,John Updike,False,80
Strong Is Your Hold,Galway Kinnell,False,79
The World Has Changed,Alice Walker,False,79
Negocios,Junot Díaz,False,79
Tales Of The Out And The Gone,Amiri Baraka,False,79
The Rose Tattoo,Tennessee Williams,False,78
Thomas And Beulah,Rita Dove,True,78
The Collected Poems Of Tennessee Williams,Tennessee Williams,False,78
Dangling Man,Saul Bellow,False,78
Thirteen Stories,Eudora Welty,False,77
The Selected Letters Of Allen Ginsberg And Gary Snyder,Allen Ginsberg,False,77
Selected Prose,John Ashbery,False,76
The Theatre Of Tennessee Williams,Tennessee Williams,False,76
Up Simba,David Foster Wallace,False,76
The Collected Poems Of Frank Ohara,Frank O'Hara,False,76
Blues For Mister Charlie,James Baldwin,False,76
Poems Retrieved,Frank O'Hara,False,76
Our Friends From Frolix 8,Philip K. Dick,False,75
Coal,Audre Lorde,True,75
For A Girl Becoming,Joy Harjo,False,75
The Great Shark Hunt,Hunter S. Thompson,False,75
Collected Stories,Tennessee Williams,False,75
Memoirs,Robert Lowell,False,74
The Amen Corner,James Baldwin,False,74
Just Looking,John Updike,False,74
Finding Miracles,Julia Alvarez,False,74
A Human Eye,Adrienne Rich,False,73
Collected Poems,Jack Kerouac,False,73
Uncollected Poems Drafts Fragments And Translations,Gary Snyder,False,73
Theres A Revolution Outside My Love,Tracy K. Smith,False,73
The Sign In Sidney Brusteins Window,Lorraine Hansberry,False,72
Incident At Vichy,Arthur Miller,False,72
Northern Lights,Tim O'Brien,False,72
The Stream And The Sapphire,Denise Levertov,False,72
Novels 1987,Kurt Vonnegut,False,72
The Magic Barrel,Bernard Malamud,True,71
Collected Poems 1996,W.S. Merwin,False,71
The Game,Philip K. Dick,False,71
Words For The Wind,Theodore Roethke,False,71
Portraits Of Hispanic American Heroes,Juan Felipe Herrera,False,71
Reading Rilke,William H. Gass,False,70
Collected Poems,Robert Hayden,False,70
Kurt Vonnegut Drawings,Kurt Vonnegut,False,70
The Apple That Astonished Paris,Billy Collins,False,70
The Breast,Philip Roth,False,70
Letters,Saul Bellow,False,70
Why Write,Philip Roth,False,69
"Buffalo Gals, Won'T You Come Out Tonight",Ursula K. Le Guin,False,69
The Ends Of The Earth,W.S. Merwin,False,69
A Testament Of Hope,Martin Luther King Jr.,False,69
Beyond Katrina,Natasha Trethewey,False,69
Novels 1984,Saul Bellow,False,69
Circle Of Wonder,N. Scott Momaday,False,69
We Can Remember It For You Wholesale,Philip K. Dick,False,68
The End Of The Alphabet,Claudia Rankine,False,68
American Smooth,Rita Dove,False,68
Collected Early Poems 1950,Adrienne Rich,False,68
Burn This Book,Toni Morrison,False,68
Crazy Night,Tennessee Williams,False,67
The Measure Of A Man,Martin Luther King Jr.,False,67
Fox,Adrienne Rich,False,67
Every Day We Get More Illegal,Juan Felipe Herrera,False,67
Simone,Viet Thanh Nguyen,False,67
Breathing The Water,Denise Levertov,False,66
Parallel Movement Of The Hands,John Ashbery,False,66
A New Selected Poems,Galway Kinnell,False,66
The Gloria Anzaldúa Reader,Gloria Anzaldúa,False,65
The Same River Twice,Alice Walker,False,65
The Best American Science Fiction And Fantasy 2018,N. K. Jemisin,False,64
Sweet Bird Of Youth,Tennessee Williams,False,64
Everyday Mojo Songs Of Earth,Yusef Komunyakaa,False,64
Above The River,James Wright,False,64
Planisphere,John Ashbery,False,63
Beat Generation,Jack Kerouac,False,63
A Ride On The Red Mare'S Back,Ursula K. Le Guin,False,63
Vita Nova,Louise Glück,False,63
The Selected Letters Of Ralph Ellison,Ralph Ellison,False,63
The Ground On Which I Stand,August Wilson,False,62
An Encyclopedia Of Gardening For Colored Children,Jamaica Kincaid,False,62
77 Dream Songs,John Berryman,False,62
Memories Of The Ford Administration,John Updike,False,62
Sixty Odd,Ursula K. Le Guin,False,62
The Trumpet Of Conscience,Martin Luther King Jr.,False,62
What Moves At The Margin,Toni Morrison,False,62
Beyond Lies The Wub,Philip K. Dick,False,61
Players,Don Delillo,False,61
The Book Of Martyrdom And Artifice,Allen Ginsberg,False,61
"""Thou Dear God""",Martin Luther King Jr.,False,61
The Marvelous Arithmetics Of Distance,Audre Lorde,False,61
My Brother,Jamaica Kincaid,False,60
Selected Poems 1950,Adrienne Rich,False,60
Vintage Pkd,Philip K. Dick,False,60
Timebends,Arthur Miller,False,60
More Matter,John Updike,False,59
The Book Of Fables,W.S. Merwin,False,59
Telephone Ringing In The Labyrinth,Adrienne Rich,False,59
A Place In Space,Gary Snyder,False,59
The Best Gift in the World,Julia Alvarez,False,59
Talking Dirty To The Gods,Yusef Komunyakaa,False,59
Breezeway,John Ashbery,False,59
Gather Yourselves Together,Philip K. Dick,False,59
Notes From The Air,John Ashbery,False,58
The Blue Jays Dance,Louise Erdrich,False,58
Living Nations Living Words,Joy Harjo,False,58
The First Four Books Of Poems,Louise Glück,False,58
Unchopping A Tree,W.S. Merwin,False,58
A Knock At Midnight,Martin Luther King Jr.,False,58
The Essential W,W.S. Merwin,False,58
What There Is To Say We Have Said,Eudora Welty,False,58
Grandmothers Pigeon,Louise Erdrich,False,57
Jabberwalking,Juan Felipe Herrera,False,57
The Changing Light At Sandover,James Merrill,False,57
Talk Stories,Jamaica Kincaid,False,57
Delta Wedding,Eudora Welty,False,57
The Fixer,Bernard Malamud,False,57
Life Studies,Robert Lowell,False,57
Puro Amor,Sandra Cisneros,False,56
Sixty Stories,Donald Barthelme,False,56
Collected Poems,Galway Kinnell,False,56
What Is A Garden,W.S. Merwin,False,56
The Maximus Poems,Charles Olson,False,56
Selected Stories Of Eudora Welty,Eudora Welty,False,56
To Bedlam And Part Way Back,Anne Sexton,False,55
Brazil,John Updike,False,55
All My Pretty Ones,Anne Sexton,False,55
Summer And Smoke,Tennessee Williams,False,54
Collected Later Stories,John Updike,False,54
Caramelo O Puro Cuento,Sandra Cisneros,False,54
The Lion Or The Mouse,Toni Morrison,False,54
New And Selected Essays,Denise Levertov,False,54
No Other Book,Randall Jarrell,False,54
A Gift Of Love,Martin Luther King Jr.,False,54
A Cafecito Story,Julia Alvarez,False,54
Collected Poems 1953,John Updike,False,54
Eudora Welty As Photographer,Eudora Welty,False,53
Great American Authors Read From Their Works,James Baldwin,False,53
The Letters Of Sylvia Plath Vol 2,Sylvia Plath,False,53
The Mays Of Ventadorn,W.S. Merwin,False,52
Collected Poems,James Wright,False,52
The Chameleon Couch,Yusef Komunyakaa,False,52
Selected Poems,Rita Dove,False,52
Kurt Vonnegut The Last Interview,Kurt Vonnegut,False,52
One Art,Elizabeth Bishop,True,51
Black Music,Amiri Baraka,False,51
Tesserae,Denise Levertov,False,51
The System Of Dantes Hell,Amiri Baraka,False,51
Girls On The Run,John Ashbery,False,51
Quick Question,John Ashbery,False,50
Geography Iii,Elizabeth Bishop,False,50
The Bodys Question,Tracy K. Smith,False,50
Behind The Mountains,Edwidge Danticat,False,50
Shop Talk,Philip Roth,False,50
Everett Andersons Friend,Lucille Clifton,False,50
Incredible Good Fortune,Ursula K. Le Guin,False,49
The Pupil,W.S. Merwin,False,49
Cartesian Sonata,William H. Gass,False,49
Between Time And Timbuktu,Kurt Vonnegut,False,49
They Knew What They Wanted,John Ashbery,False,49
Anterooms,Richard Wilbur,False,49
The Crystal Crypt,Philip K. Dick,False,49
Mother Love,Rita Dove,False,49
Tomcat In Love,Tim O'Brien,False,49
187 Reasons Mexicanos Cant Cross The Border,Juan Felipe Herrera,False,48
Tests Of Time,William H. Gass,False,48
Nick And The Glimmung,Philip K. Dick,False,48
Notebooks,Tennessee Williams,False,48
Vulcans Hammer,Philip K. Dick,False,48
The Assistant,Bernard Malamud,False,48
Blacks,Gwendolyn Brooks,False,47
The Last Days Of Louisiana Red,Ishmael Reed,True,47
Bosh And Flapdoodle,A. R. Ammons,False,47
In Montgomery,Gwendolyn Brooks,False,47
The Facts,Philip Roth,False,47
My Life As A Man,Philip Roth,False,47
Bullet Park,John Cheever,False,47
Voices,Lucille Clifton,False,47
The William H,William H. Gass,False,46
Bech At Bay,John Updike,False,46
The Letters Of Denise Levertov And William Carlos Williams,Denise Levertov,False,46
Collected Early Stories,John Updike,False,46
The Complete Poems Of A,A. R. Ammons,False,45
Americana,John Updike,False,45
Warhorses,Yusef Komunyakaa,False,45
A Month Of Sundays,John Updike,False,45
Prose,Elizabeth Bishop,False,45
Saul Bellow,Saul Bellow,False,45
Subterraneans,Jack Kerouac,False,45
Memoirs,Tennessee Williams,False,45
Garbage,A. R. Ammons,False,45
Another Day At The Front,Ishmael Reed,False,45
Dutchman,Amiri Baraka,False,45
Camino Real,Tennessee Williams,False,45
The Selected Poems Of Frank Ohara,Frank O'Hara,False,45
Not About Nightingales,Tennessee Williams,False,44
Earth House Hold,Gary Snyder,False,44
Blues City,Ishmael Reed,False,44
Call Me Ishmael,Charles Olson,False,44
Later The Same Day,Grace Paley,False,44
The Namesake,Natasha Trethewey,False,44
The Vixen,W.S. Merwin,False,44
Selected Poems,Anne Sexton,False,44
The Branch Will Not Break,James Wright,False,43
Gilgamesh,Yusef Komunyakaa,False,43
Love,Don Delillo,False,43
Museums And Women,John Updike,False,42
Home,Amiri Baraka,False,42
Death And Fame,Allen Ginsberg,False,42
I Have Been To The Mountaintop,Martin Luther King Jr.,False,42
The Skull,Philip K. Dick,False,42
Meadowlands,Louise Glück,False,42
The Papers Of Martin Luther King Junior,Martin Luther King Jr.,False,42
The Letters Of Allen Ginsberg,Allen Ginsberg,False,41
Shadow And Act,Ralph Ellison,False,41
Elizabeth Bishop And The New Yorker,Elizabeth Bishop,False,41
Mixing It Up,Ishmael Reed,False,41
From Sand Creek,Simon J. Ortiz,False,41
The Collected Prose,Elizabeth Bishop,False,41
The Traveling Companion,Tennessee Williams,False,41
Collected Poems,Robert Lowell,False,41
The Essential Martin Luther King Junior,Martin Luther King Jr.,False,41
Selected Poems,Galway Kinnell,False,41
Chinese Whispers,John Ashbery,False,41
Collected Poems James Merrill,James Merrill,False,40
In The Bears House,N. Scott Momaday,False,40
Mountains And Rivers Without End,Gary Snyder,False,40
The Selected Letters Of Tennessee Williams,Tennessee Williams,False,40
Poetry And The Age,Randall Jarrell,False,40
Deception,Philip Roth,False,40
The Gun,Philip K. Dick,False,40
The Man Made Of Words,N. Scott Momaday,False,40
The Invention Of The Darling,Li-Young Lee,False,39
The Waking,Theodore Roethke,True,39
"""In A Single Garment Of Destiny""",Martin Luther King Jr.,False,39
Arts Of The Possible,Adrienne Rich,False,39
Pen America Best Debut Short Stories 2019,Carmen Maria Machado,False,38
Living With Music,Ralph Ellison,False,38
The Lost Upland,W.S. Merwin,False,38
Critical Hits,Carmen Maria Machado,False,38
Desolation Peak,Jack Kerouac,False,38
A House Not Meant To Stand,Tennessee Williams,False,38
Juice,Ishmael Reed,False,38
Eudora Welty Photographs,Eudora Welty,False,38
Everett Andersons Year,Lucille Clifton,False,38
The Milk Train Doesnt Stop Here Anymore,Tennessee Williams,False,37
"No Heroics, Please",Raymond Carver,False,37
Selected Translations,W.S. Merwin,False,37
The World Jones Made,Philip K. Dick,False,37
Something To Remember Me By,Saul Bellow,False,37
Tales,Amiri Baraka,False,37
Problems,John Updike,False,37
Why You Cant Be Anything You Want To Be,Arthur Miller,False,37
The Dream Songs,John Berryman,True,37
Light In The Dark = Luz En Lo Oscuro,Gloria Anzaldúa,False,37
Quilting,Lucille Clifton,False,37
The Back Country,Gary Snyder,False,36
To Be The Poet,Maxine Hong Kingston,False,36
Not,Donald Barthelme,False,36
Oh What A Paradise It Seems,John Cheever,False,36
Ultramarine,Raymond Carver,False,36
The Really Short Poems Of A,A. R. Ammons,False,36
The Roman Spring Of Mrs,Tennessee Williams,False,36
Occasions,Eudora Welty,False,36
Beyond The Door,Philip K. Dick,False,36
The Book Of Folly,Anne Sexton,False,36
One Time One Place,Eudora Welty,False,36
The Emperor Of Water Clocks,Yusef Komunyakaa,False,36
The Eccentricities Of A Nightingale,Tennessee Williams,False,36
Revolutionary Petunias,Alice Walker,False,35
Other Traditions,John Ashbery,False,35
Runaway Opposites,Richard Wilbur,False,35
Selected Poems,W.S. Merwin,False,35
New Selected Poems,Robert Lowell,False,35
The Cemetery of Untold Stories,Julia Alvarez,False,35
The Wapshot Scandal,John Cheever,False,34
Book Of Blues,Jack Kerouac,False,34
Domestic Work,Natasha Trethewey,False,34
A Different Person,James Merrill,False,34
Fish Soup,Ursula K. Le Guin,False,34
The Carrier Of Ladders,W.S. Merwin,False,34
The Adjustment Bureau,Philip K. Dick,False,34
The Old Ways,Gary Snyder,False,34
The Fact Of A Doorframe,Adrienne Rich,False,34
Taboo,Yusef Komunyakaa,False,33
Tell About Night Flowers,Eudora Welty,False,33
Myths And Texts,Gary Snyder,False,33
Selected Poems,Charles Olson,False,33
Selected Poems,James Merrill,False,33
The Words Of Martin Luther King Junior,Martin Luther King Jr.,False,33
On Politics And The Art Of Acting,Arthur Miller,False,33
New And Collected Poems,Richard Wilbur,False,33
Notes On The Assemblage,Juan Felipe Herrera,False,33
The Martin Luther King Junior Companion,Martin Luther King Jr.,False,32
A New Life,Bernard Malamud,False,32
The Great Clod,Gary Snyder,False,32
Golf Dreams,John Updike,False,32
New And Collected Poems 1964,Ishmael Reed,False,32
Sent By Earth,Alice Walker,False,32
Happy Birthday Wanda June,Kurt Vonnegut,False,32
The Complete Henry Bech,John Updike,False,31
Baby Doll,Tennessee Williams,False,31
Ride Down Mount Morgan,Arthur Miller,False,31
The Winged Seed,Li-Young Lee,False,31
A Wild Patience Has Taken Me This Far,Adrienne Rich,False,31
The Complete Stories,Bernard Malamud,False,31
Why No Confederate Statues In Mexico,Ishmael Reed,False,31
Battle Of Angels,Tennessee Williams,False,31
Transbluesency,Amiri Baraka,False,31
The Lost Son,Theodore Roethke,True,31
Good Things Out Of Nazareth,Flannery O' Connor,False,30
A Dialogue,James Baldwin,False,30
Paradise,Donald Barthelme,False,30
Blue Moon Over Thurman Street,Ursula K. Le Guin,False,30
Nobody Home,Gary Snyder,False,30
Anne Sexton,Anne Sexton,False,30
The Folding Cliffs,W.S. Merwin,False,30
Digging,Amiri Baraka,False,30
Hub Fans Bid Kid Adieu,John Updike,False,30
The Teachings Of Don B,Donald Barthelme,False,30
Dien Cai Dau,Yusef Komunyakaa,False,30
Three Poems,John Ashbery,False,29
Le��tes�� Slezy,Philip K. Dick,False,29
Pleasure Dome,Yusef Komunyakaa,False,29
Collected Prose,Charles Olson,False,29
Echoes Down The Corridor,Arthur Miller,False,29
Bech,John Updike,False,29
Interviews = Entrevistas,Gloria Anzaldúa,False,28
On The Poet And His Craft,Theodore Roethke,False,28
Houseboat Days,John Ashbery,False,28
Some Kind Of Love Story,Arthur Miller,False,28
Amateurs,Donald Barthelme,False,28
Encounters With Chinese Writers,Annie Dillard,False,28
Selected Poems,John Updike,False,28
The Two,Tennessee Williams,False,28
The Eyes Have It,Philip K. Dick,False,28
Bech Is Back,John Updike,False,28
The Selected Letters Of John Berryman,John Berryman,False,27
The Letters Of Robert Lowell,Robert Lowell,False,27
Straw For The Fire From The Notebooks Of Theodore Roethke 1943,Theodore Roethke,False,27
Toni Morrison,Toni Morrison,False,27
To Be Young Gifted And Black,Lorraine Hansberry,False,27
Art Chronicles 1954,Frank O'Hara,False,27
The Complete Muhammad Ali,Ishmael Reed,False,27
Plays,Arthur Miller,False,27
Mister Spaceship,Philip K. Dick,False,27
The Heart Is Strange,John Berryman,False,27
The Hanging Stranger,Philip K. Dick,False,27
Blood Bread And Poetry,Adrienne Rich,False,26
It All Adds Up,Saul Bellow,False,26
The Collected Poems Of Charles Olson,Charles Olson,False,26
The Same Door,John Updike,False,26
Focus,Arthur Miller,False,26
Vieux Carre,Tennessee Williams,False,26
Period Of Adjustment,Tennessee Williams,False,26
From A Land Where Other People Live,Audre Lorde,False,26
Resurrection Blues,Arthur Miller,False,26
Alison Bechdel,Alison Bechdel,False,25
Caterpillar Dogs,Tennessee Williams,False,25
Henrys Fate,John Berryman,False,25
Hugging The Shore,John Updike,False,25
Can You Hear Bird,John Ashbery,False,25
Forty Stories,Donald Barthelme,False,25
The Leroi Jones,Amiri Baraka,False,25
The Dolphin,Robert Lowell,False,25
Great Days,Donald Barthelme,False,25
Journals Mid,Allen Ginsberg,False,25
Testimony A Tribute To Charlie Parker,Yusef Komunyakaa,False,25
Stairs To The Roof,Tennessee Williams,False,25
Recovery,John Berryman,False,24
Fugitive Kind,Tennessee Williams,False,24
Selected Poems,Randall Jarrell,False,24
A Coast Of Trees,A. R. Ammons,False,24
Baptism Of Desire,Louise Erdrich,False,24
Humpty Dumpty In Oakland,Philip K. Dick,False,24
My Wicked Wicked Ways,Sandra Cisneros,False,24
In The Presence Of The Sun,N. Scott Momaday,False,23
Going Too Far,Ishmael Reed,False,23
The Lucky Stone,Lucille Clifton,False,23
Jacklight,Louise Erdrich,False,23
Her Blue Body Everything We Know,Alice Walker,False,23
The Portable Arthur Miller,Arthur Miller,False,23
Donald Barthelme,Donald Barthelme,False,23
Overnight To Many Distant Cities,Donald Barthelme,False,23
A Door In The Hive,Denise Levertov,False,23
The Selected Poems 1951,A. R. Ammons,False,23
King Malcolm Baldwin,Martin Luther King Jr.,False,22
Carver Country,Raymond Carver,False,22
The Sign In Sidney Brusteins Window A Drama In Three Acts,Lorraine Hansberry,False,22
Poems 1968,Denise Levertov,False,22
The Complete Poems,Randall Jarrell,False,22
Resistencia,Julia Alvarez,False,22
The Free,Ishmael Reed,False,22
As Umbrellas Follow Rain,John Ashbery,False,22
Piper In The Woods,Philip K. Dick,False,22
Dragon Country A Book Of Plays,Tennessee Williams,False,21
Plath,Sylvia Plath,False,21
The Ride Down Mount Morgan,Arthur Miller,False,21
The Black Woman,Toni Cade Bambara,False,21
Cinnamon Girl,Juan Felipe Herrera,False,21
How I Learned What I Learned,August Wilson,False,21
Washing My Mothers Body,Joy Harjo,False,20
Senegal Taxi,Juan Felipe Herrera,False,20
Losing Battles,Eudora Welty,False,20
The Presence Of Grace,Flannery O' Connor,False,20
The Terrible Stories,Lucille Clifton,False,20
Magic City,Yusef Komunyakaa,False,20
Country Churchyards,Eudora Welty,False,20
The Little Disturbances Of Man,Grace Paley,False,20
Life In The Forest,Denise Levertov,False,20
The Selected Letters Of Philip K,Philip K. Dick,False,20
Selected Letters 1957,Jack Kerouac,False,20
Men On The Moon,Simon J. Ortiz,False,20
Shall We Gather At The River,James Wright,False,20
The Misfits,Arthur Miller,False,20
Rivers And Mountains,John Ashbery,False,20
China Men,Maxine Hong Kingston,False,20
In The Name Of Salome,Julia Alvarez,False,19
Good Night Willie Lee Ill See You In The Morning,Alice Walker,False,19
Lao Tzu,Ursula K. Le Guin,False,19
Habitations Of The Word,William H. Gass,False,19
The Reed Reader,Ishmael Reed,False,19
The Creation Of The World,Arthur Miller,False,19
Haiti Noir 2,Edwidge Danticat,False,19
Prometheus Bound,Robert Lowell,False,19
Reading Myself,Philip Roth,False,19
Out There Somewhere,Simon J. Ortiz,False,19
American Blues,Tennessee Williams,False,19
New And Collected Poems,Grace Paley,False,19
Lecture And Speech Of Acceptance Upon The Award Of The Nobel Prize For Literature Delivered In Stockholm On The Seventh Of December Nineteen Hundred And Ninety,Toni Morrison,False,18
Opening The Hand,W.S. Merwin,False,18
The Will To Change,Adrienne Rich,False,18
An Atlas Of The Difficult World,Adrienne Rich,False,18
A Memory Of Two Mondays,Arthur Miller,False,18
Reckless Eyeballing,Ishmael Reed,False,18
The Avenue Bearing The Initial Of Christ Into The New World,Galway Kinnell,False,18
An Anthology Of Twentieth,Elizabeth Bishop,False,18
A Wave,John Ashbery,False,18
The Achievement Of Theodore Roethke,Theodore Roethke,False,18
Flow Chart,John Ashbery,False,18
Horses Make A Landscape Look More Beautiful,Alice Walker,False,18
Something Cloudy Something Clear,Tennessee Williams,False,17
Yellow Back Radio Broke,Ishmael Reed,False,17
Facing Nature,John Updike,False,17
The Woman At The Washington Zoo,Randall Jarrell,False,17
The King,Donald Barthelme,False,17
The Freeing Of The Dust,Denise Levertov,False,17
East Window,W.S. Merwin,False,17
The Best American Science Fiction And Fantasy 2019,Carmen Maria Machado,False,17
Dark Fields Of The Republic,Adrienne Rich,False,17
Two,Lucille Clifton,False,17
My Garden,Jamaica Kincaid,False,17
The Autobiography Of Leroi Jones,Amiri Baraka,False,17
Dirty Dinky,Theodore Roethke,False,17
Deep Sightings And Rescue Missions,Toni Cade Bambara,False,17
Anything We Love Can Be Saved,Alice Walker,False,17
The House On Marshland,Louise Glück,False,17
Everybodys Protest Novel,James Baldwin,False,16
The Sorrow Dance,Denise Levertov,False,16
The Collected Last Plays,Lorraine Hansberry,False,16
He Who Hunted Birds In His Fathers Village,Gary Snyder,False,16
Neon Vernacular,Yusef Komunyakaa,False,16
Tossing And Turning,John Updike,False,16
Copacetic,Yusef Komunyakaa,False,16
Da Xiang Zi,Toni Morrison,False,16
Clothes For A Summer Hotel,Tennessee Williams,False,16
Spring Storm,Tennessee Williams,False,16
Five Ways To Forgiveness,Ursula K. Le Guin,False,15
Your Native Land Your Life,Adrienne Rich,False,15
Amorous Nightmares Of Delay,Frank O'Hara,False,15
The Poet In The World,Denise Levertov,False,15
A Book,John Updike,False,15
The Ancient Child,N. Scott Momaday,False,15
The Gourd Dancer,N. Scott Momaday,False,15
Human Stain,Philip Roth,False,15
Leaning Forward,Grace Paley,False,15
Notebooks Of A Chile Verde Smuggler,Juan Felipe Herrera,False,15
The Darker Face Of The Earth,Rita Dove,False,15
Family Pictures,Gwendolyn Brooks,False,15
The Bride Of The Innisfallen,Eudora Welty,False,15
The Brigadier And The Golf Widow,John Cheever,False,15
Thieves Of Paradise,Yusef Komunyakaa,False,15
The Caterpillar Dogs,Tennessee Williams,False,15
In The Bar Of A Tokyo Hotel,Tennessee Williams,False,14
Midpoint,John Updike,False,14
Guilty Pleasures,Donald Barthelme,False,14
Odd Jobs,John Updike,False,14
Once,Alice Walker,False,14
Firstborn; [Poems.,Louise Glück,False,14
I Rise In Flame Cried The Phoenix,Tennessee Williams,False,14
The Yellow House On The Corner,Rita Dove,False,14
The World Within The Word,William H. Gass,False,14
Indian Journals March 1962,Allen Ginsberg,False,14
The Day Room,Don Delillo,False,14
Black Magic,Amiri Baraka,False,14
Small Craft Warnings,Tennessee Williams,False,14
Collected Poems,Gary Snyder,False,14
The Freedom Of The Poet,John Berryman,False,14
K��pi Iyagi,Julia Alvarez,False,14
Wakefulness,John Ashbery,False,14
Eulogies,Amiri Baraka,False,13
Pow Wow,Ishmael Reed,False,13
To Disembark,Gwendolyn Brooks,False,13
The Last Yankee,Arthur Miller,False,13
Selected Writings,Charles Olson,False,13
Collected Prose,James Merrill,False,13
Daggers And Javelins,Amiri Baraka,False,13
Selected Poems 1946,James Merrill,False,13
Snapshots Of A Daughter,Adrienne Rich,False,13
The World Of Gwendolyn Brooks,Gwendolyn Brooks,False,13
Trading Twelves,Ralph Ellison,False,13
A Lovely Sunday For Creve Coeur,Tennessee Williams,False,13
The Knightly Quest,Tennessee Williams,False,13
Buchanan Dying,John Updike,False,13
Why The Black Hole Sings The Blues,Ishmael Reed,False,13
Berrymans Shakespeare,John Berryman,False,12
Party At The Zoo,Theodore Roethke,False,12
A Scattering Of Salts,James Merrill,False,12
The Red Devil Battery Sign,Tennessee Williams,False,12
Berrymans Sonnets,John Berryman,False,12
As We Know,John Ashbery,False,12
Living By The Word,Alice Walker,False,12
Razor,Amiri Baraka,False,12
I Am Says The Lamb,Theodore Roethke,False,12
The Carpentered Hen,John Updike,False,12
Opposites,Richard Wilbur,False,12
Our God Is Marching On,Martin Luther King Jr.,False,12
I Dont Need You Any More,Arthur Miller,False,12
Tony And The Beetles,Philip K. Dick,False,12
The Theater Essays Of Arthur Miller,Arthur Miller,False,12
Ancestral Voice,N. Scott Momaday,False,12
Skatefate,Juan Felipe Herrera,False,12
A Whole World,James Merrill,False,11
Les Blancs,Lorraine Hansberry,False,11
To Stay Alive,Denise Levertov,False,11
Night Train To Tuxtla,Juan Felipe Herrera,False,11
Relearning The Alphabet,Denise Levertov,False,11
Reported Sightings,John Ashbery,False,11
Windblown World,Jack Kerouac,False,11
Conversations With Tim O'Brien,Tim O'Brien,False,11
Sumerian Vistas,A. R. Ammons,False,11
Kaddish,Allen Ginsberg,False,11
The Plays,Ishmael Reed,False,11
The Compass Flower,W.S. Merwin,False,11
Shadow Train,John Ashbery,False,11
Two,Arthur Miller,False,11
Preface To A Twenty Volume Suicide Note,Amiri Baraka,False,11
"Hard Words, And Other Poems",Ursula K. Le Guin,False,11
Light Up The Cave,Denise Levertov,False,11
Funk Lore,Amiri Baraka,False,10
Selected Longer Poems,A. R. Ammons,False,10
Salesman In Beijing,Arthur Miller,False,10
The Letters Of John Cheever,John Cheever,False,10
A Good Journey,Simon J. Ortiz,False,10
Bartletts Poems For Occasions,Billy Collins,False,10
For The Union Dead,Robert Lowell,True,10
God'S Grace,Bernard Malamud,False,10
More Opposites,Richard Wilbur,False,10
Laughing Out Loud I Fly,Juan Felipe Herrera,False,10
You Touched Me,Tennessee Williams,False,10
The Archbishops Ceiling,Arthur Miller,False,10
Brink Road,A. R. Ammons,False,10
Worldly Hopes,A. R. Ammons,False,10
Collected Poems 1951,A. R. Ammons,False,10
The Green Wall,James Wright,False,10
The Baptism And The Toilet,Amiri Baraka,False,9
Beyond Vietnam,Martin Luther King Jr.,False,9
The Terrible Twos,Ishmael Reed,False,9
And The Stars Were Shining,John Ashbery,False,9
Willie Masters Lonesome Wife,William H. Gass,False,9
American Journal,Robert Hayden,False,9
Collected Poems,Ursula K. Le Guin,False,9
Woven Stone,Simon J. Ortiz,False,9
The Lost World,Randall Jarrell,False,9
Assorted Prose,John Updike,False,9
Mister Peters Connections,Arthur Miller,False,9
Three Plays,John Ashbery,False,9
Good Times,Lucille Clifton,False,9
The Song Of Roland,W.S. Merwin,False,9
Thunderweavers,Juan Felipe Herrera,False,9
Slave Ship,Amiri Baraka,False,9
Letter From Birmingham Jail,Martin Luther King Jr.,True,9
Kipling Auden And Co,Randall Jarrell,False,9
Green With Beasts,W.S. Merwin,False,9
We Dream Of Honour,John Berryman,False,9
Going To The Territory,Ralph Ellison,False,9
Allen Verbatim,Allen Ginsberg,False,9
The First Cities,Audre Lorde,False,8
The Stories Of Bernard Malamud,Bernard Malamud,False,8
Pig Dreams,Denise Levertov,False,8
Angle Of Ascent,Robert Hayden,False,8
The Fall Of America Journals 1965,Allen Ginsberg,False,8
The American Clock,Arthur Miller,False,8
Report From Part One,Gwendolyn Brooks,False,8
The Moving Target,W.S. Merwin,False,8
Doctor Martin Luther King Junior On Love,Martin Luther King Jr.,False,8
The Achievement Of Robert Lowell,Robert Lowell,False,8
The Jacobs Ladder,Denise Levertov,True,8
Through The Ivory Gate,Rita Dove,False,8
Truth And Beautiful Meaningful Lies,Jack Kerouac,False,8
In The Winter Of Cities,Tennessee Williams,False,8
Imitations,Robert Lowell,False,8
The Golden Years And The Man Who Had All The Luck,Arthur Miller,False,8
Museum,Rita Dove,False,8
Writings To An Unfinished Accompaniment,W.S. Merwin,False,8
Near The Ocean,Robert Lowell,False,7
Best Minds Of My Generation,Allen Ginsberg,False,7
Iron Curtain Journals,Allen Ginsberg,False,7
Saint Judas,James Wright,False,7
Report From Part Two,Gwendolyn Brooks,False,7
Stopped Rocking,Tennessee Williams,False,7
Selected Letters,Theodore Roethke,False,7
Notebook 1967,Robert Lowell,False,7
The Luck Of Friendship,Tennessee Williams,False,7
Beckonings,Gwendolyn Brooks,False,7
Glare,A. R. Ammons,False,7
Danger Memory,Arthur Miller,False,7
Asian Figures,W.S. Merwin,False,7
The Poems Of Richard Wilbur,Richard Wilbur,False,7
Ralph Ellison,Ralph Ellison,False,7
Kingdom Of Earth,Tennessee Williams,False,6
Shrovetide In Old New Orleans,Ishmael Reed,False,6
The Moderns,Amiri Baraka,False,6
Times Power,Adrienne Rich,False,6
The Catbirds Song,Richard Wilbur,False,6
Lake Effect Country,A. R. Ammons,False,6
Necessities Of Life,Adrienne Rich,False,6
Stephen Crane,John Berryman,False,6
The Dead Lecturer,Amiri Baraka,False,6
Life Among The Aryans,Ishmael Reed,False,6
A Broadside Treasury,Gwendolyn Brooks,False,6
Good News About The Earth,Lucille Clifton,False,6
Everett Andersons 1 2 3,Lucille Clifton,False,6
The House Of Being,Natasha Trethewey,False,6
Raise Race Rays Raze,Amiri Baraka,False,6
Androgyne Mon Amour,Tennessee Williams,False,6
Collected Novels And Plays,James Merrill,False,6
Super Cilantro Girl,Juan Felipe Herrera,False,5
A Change Of World,Adrienne Rich,False,5
Idiots First,Bernard Malamud,False,5
Family Business,Allen Ginsberg,False,5
Catechism Of D Neoamerican Hoodoo Church,Ishmael Reed,False,5
El Secreto De La Fuerza Sobrehumana,Alison Bechdel,False,5
Verse,John Updike,False,5
Dubin'S Lives,Bernard Malamud,False,5
Little Friend Little Friend,Randall Jarrell,False,5
The Tenants,Bernard Malamud,False,5
Animae,W.S. Merwin,False,5
History,Robert Lowell,False,5
New And Collected Poems,Ishmael Reed,False,5
Prietita And The Ghost Woman,Gloria Anzaldúa,False,5
Black Fire,Amiri Baraka,False,5
The Portable Jack Kerouac,Jack Kerouac,False,5
Responses,Richard Wilbur,False,4
The Diamond Cutters,Adrienne Rich,False,4
The Source Of Self Regard,Toni Morrison,False,4
Airing Dirty Laundry,Ishmael Reed,False,4
The Last Analysis,Saul Bellow,False,4
Pictures Of Fidelman,Bernard Malamud,False,4
Par��do ��i Lngk��n,George Saunders,False,4
Collected Poems Of John Updike 1953,John Updike,False,4
First Blues,Allen Ginsberg,False,4
Selected Poems,Robert Hayden,False,4
Scripts For The Pageant,James Merrill,False,4
Collected Plays 1987,Arthur Miller,False,4
Selected Translations 1948,W.S. Merwin,False,4
Selected Poems By Adrienne Rich,Adrienne Rich,False,4
Pramater��,Kurt Vonnegut,False,4
Rembrandt'S Hat,Bernard Malamud,False,3
Plays,Tennessee Williams,False,3
Last Of The Curlews,W.S. Merwin,False,3
Glad Tidings,John Cheever,False,3
In Our Terribleness,Amiri Baraka,False,3
Some Spanish Ballads,W.S. Merwin,False,3
The African Svelte,Billy Collins,False,3
Three Plays,N. Scott Momaday,False,3
Losses,Randall Jarrell,False,3
Kaleidoscope,Robert Hayden,False,3
Black Art,Amiri Baraka,False,3
The Ballad Of The Burglar Of Babylon,Elizabeth Bishop,False,3
The Terrible Threes,Ishmael Reed,False,3
Wallace Stevens,Ronald Sukenick,False,3
Leaflets,Adrienne Rich,False,3
Telephone Poles,John Updike,False,3
Spontaneous Mind,Allen Ginsberg,False,2
Jerome,Randall Jarrell,False,2
Collected Prose,Robert Lowell,False,2
Tennessee Williams Letters To Donald Windham 1940,Tennessee Williams,False,2
The People,Bernard Malamud,False,2
Bingo Palace,Louise Erdrich,False,2
Blood For A Stranger,Randall Jarrell,False,2
Situation Normal,Arthur Miller,False,2
Four Black Revolutionary Plays,Amiri Baraka,False,2
The Old Glory,Robert Lowell,False,1
Afro,Robert Hayden,False,1
Solo Nosotros,Claudia Rankine,False,1
The White Book,Don Delillo,False,1
The Dammerung,Octavia E. Butler,False,1
Bloodchild And Other Stories,Octavia E. Butler,False,1
Collected Plays 1964,Arthur Miller,False,1
Wise Whys Ys,Amiri Baraka,False,1
Footprints,Denise Levertov,False,1
Walking To Sleep,Richard Wilbur,False,1
Aloneness,Gwendolyn Brooks,False,1
Spirit Reach,Amiri Baraka,False,1
